model,tier,n,answer_agreement_rate_mean,answer_agreement_rate_std,pairwise_answer_agreement_mean,pairwise_answer_agreement_std,original_vs_paraphrase_agreement_mean,original_vs_paraphrase_agreement_std,reasoning_similarity_mean,reasoning_similarity_std
claude-haiku,simple,30,0.7600000000000001,0.2703084657695105,0.6366666666666667,0.37637156581702014,0.625,0.4170831252080733,0.49392528442389527,0.11157696425531832
claude-haiku,moderate,24,0.8666666666666666,0.22852182001336815,0.8041666666666667,0.31947765527845956,0.8125,0.31663925319938885,0.5346347605474993,0.1347175228037753
claude-haiku,complex,23,0.7999999999999999,0.3064523510731495,0.7260869565217393,0.39805766602596865,0.6847826086956522,0.44365938330344673,0.4871447721087125,0.15264997033361752
claude-sonnet,simple,30,0.7600000000000001,0.24440403706431146,0.62,0.3506185011281255,0.6416666666666667,0.38014982426523475,0.4633418050038354,0.09870350090995177
claude-sonnet,moderate,24,0.8916666666666666,0.17300449576688912,0.8208333333333333,0.27076922318133245,0.8229166666666666,0.30172392412417165,0.516151140719998,0.138533934919143
claude-sonnet,complex,23,0.8347826086956521,0.24778794519608707,0.7478260869565218,0.34372583262699774,0.7282608695652174,0.38948854059062865,0.4636571215712535,0.12550661846634972
